{"cameraMode":{"drawMode":0,"name":"Shaded","section":"Shading Mode"},"sceneLighting":false,"audioPlay":false,"sceneViewState":{"showFog":true,"showMaterialUpdate":false,"showSkybox":true,"showFlares":true,"showImageEffects":true,"showParticleSystems":true},"in2DMode":false,"pivot":{"x":-11.37408447265625,"y":220.1257781982422,"z":95.69908905029297},"rotation":{"x":-0.0020892538595944645,"y":-0.71763014793396,"z":-0.00215290323831141,"w":0.696418285369873},"size":442.1331787109375,"orthographic":false}