{"cameraMode":{"drawMode":0,"name":"Shaded","section":"Shading Mode"},"sceneLighting":false,"audioPlay":false,"sceneViewState":{"showFog":true,"showMaterialUpdate":false,"showSkybox":true,"showFlares":true,"showImageEffects":true,"showParticleSystems":true},"in2DMode":false,"pivot":{"x":2116.21875,"y":486.66259765625,"z":2025.67431640625},"rotation":{"x":0.0713668242096901,"y":0.1256280541419983,"z":-0.009052480570971966,"w":0.9894799590110779},"size":3887.814453125,"orthographic":false}