{"cameraMode":{"drawMode":0,"name":"Shaded","section":"Shading Mode"},"sceneLighting":false,"audioPlay":false,"sceneViewState":{"showFog":true,"showMaterialUpdate":false,"showSkybox":true,"showFlares":true,"showImageEffects":true,"showParticleSystems":true},"in2DMode":false,"pivot":{"x":-502.5755920410156,"y":-293.205322265625,"z":2193.70751953125},"rotation":{"x":0.05637499690055847,"y":-0.9286816120147705,"z":0.33060020208358767,"w":0.15836162865161897},"size":1779.50341796875,"orthographic":false}