{"cameraMode":{"drawMode":0,"name":"Shaded","section":"Shading Mode"},"sceneLighting":false,"audioPlay":false,"sceneViewState":{"showFog":true,"showMaterialUpdate":false,"showSkybox":true,"showFlares":true,"showImageEffects":true,"showParticleSystems":true},"in2DMode":false,"pivot":{"x":1240.3157958984375,"y":693.9150390625,"z":396.12255859375},"rotation":{"x":-0.04414259269833565,"y":0.19240029156208039,"z":-0.008663805201649666,"w":-0.9802895784378052},"size":3451.48583984375,"orthographic":false}